exhibit,layer,count,representative,members
EX01,12 顶玻璃,1,EX01_TOP,EX01_TOP
EX01,10 上罩轨道及限位,12,EX01_UPPER_TOP_TRACK_WEB_0,EX01_UPPER_BOTTOM_TRACK_CAP;EX01_UPPER_BOTTOM_TRACK_WEB_0;EX01_UPPER_BOTTOM_TRACK_WEB_1;EX01_UPPER_BOTTOM_TRACK_WEB_2;EX01_UPPER_TOP_TRACK_CAP;EX01_UPPER_TOP_TRACK_WEB_0;EX01_UPPER_TOP_TRACK_WEB_1;EX01_UPPER_TOP_TRACK_WEB_2;EX01_UPPER_STOP_A;EX01_UPPER_STOP_B;EX01_UPPER_ANTILIFT_A;EX01_UPPER_ANTILIFT_B
EX01,08 柜内灯体,10,EX01_CONTENT_LAMP2_POST,EX01_CONTENT_LAMP1_FOOT;EX01_CONTENT_LAMP1_POST;EX01_CONTENT_LAMP1_ARM;EX01_CONTENT_LAMP1_HEAD;EX01_CONTENT_LAMP1_DIFFUSER;EX01_CONTENT_LAMP2_FOOT;EX01_CONTENT_LAMP2_POST;EX01_CONTENT_LAMP2_ARM;EX01_CONTENT_LAMP2_HEAD;EX01_CONTENT_LAMP2_DIFFUSER
EX01,09 固定玻璃及垫条,11,EX01_RIGHT,EX01_LEFT;EX01_LEFT_BASE_PAD;EX01_LEFT_TOP_PAD;EX01_RIGHT;EX01_RIGHT_BASE_PAD;EX01_RIGHT_TOP_PAD;EX01_BACK;EX01_BACK_BASE_PAD;EX01_BACK_TOP_PAD;EX01_CORNER_SEAL_L;EX01_CORNER_SEAL_R
EX01,11 玻璃滑门及锁具,12,EX01_UPPER_SLIDE_B,EX01_UPPER_SLIDE_A_GRIP;EX01_UPPER_SLIDE_B_GRIP;EX01_UPPER_SLIDE_A;EX01_UPPER_SLIDE_B;EX01_UPPER_LOCK_BODY;EX01_UPPER_LOCK_FRONT_COLLAR;EX01_UPPER_LOCK_BACK_COLLAR;EX01_UPPER_LOCK_KEYFACE;EX01_UPPER_LOCK_KEYSLOT;EX01_UPPER_LOCK_BOLT;EX01_UPPER_LOCK_RECEIVER;EX01_UPPER_LOCK_RECEIVER_COLLAR
EX01,07 可移托盘与教学陈设,22,EX01_CONTENT_R_TRAY,EX01_CONTENT_L_TRAY;EX01_CONTENT_L_GRIP0;EX01_CONTENT_L_GRIP1;EX01_CONTENT_L_LABEL_FOOT0;EX01_CONTENT_L_LABEL_FOOT1;EX01_CONTENT_L_LABEL;EX01_CONTENT_R_TRAY;EX01_CONTENT_R_GRIP0;EX01_CONTENT_R_GRIP1;EX01_CONTENT_R_LABEL_FOOT0;EX01_CONTENT_R_LABEL_FOOT1;EX01_CONTENT_R_LABEL;EX01_CONTENT_L_PLINTH;EX01_CONTENT_L_PAD0;EX01_CONTENT_L_PAD1;EX01_CONTENT_L_WOOD;EX01_CONTENT_R_PLINTH;EX01_CONTENT_R_PAD0;EX01_CONTENT_R_PAD1;EX01_CONTENT_R_WOOD;EX01_CONTENT_R_RESIN1;EX01_CONTENT_R_RESIN2
EX01,06 展示承托板与衬面,2,EX01_DECK,EX01_DECK;EX01_LINER
EX01,04 下柜轨道及限位,12,EX01_LOWER_TOP_TRACK_WEB_0,EX01_LOWER_BOTTOM_TRACK_CAP;EX01_LOWER_BOTTOM_TRACK_WEB_0;EX01_LOWER_BOTTOM_TRACK_WEB_1;EX01_LOWER_BOTTOM_TRACK_WEB_2;EX01_LOWER_TOP_TRACK_CAP;EX01_LOWER_TOP_TRACK_WEB_0;EX01_LOWER_TOP_TRACK_WEB_1;EX01_LOWER_TOP_TRACK_WEB_2;EX01_LOWER_STOP_A;EX01_LOWER_STOP_B;EX01_LOWER_ANTILIFT_A;EX01_LOWER_ANTILIFT_B
EX01,03 储物板件及承托,15,EX01_SIDE_R,EX01_SIDE_L;EX01_SIDE_R;EX01_CARCASE_TOP;EX01_BACK_BOARD;EX01_DIVIDER;EX01_SHELF_1;EX01_SHELF_SUPPORT_1_1;EX01_SHELF_SUPPORT_1_2;EX01_SHELF_SUPPORT_1_3;EX01_SHELF_SUPPORT_1_4;EX01_SHELF_2;EX01_SHELF_SUPPORT_2_1;EX01_SHELF_SUPPORT_2_2;EX01_SHELF_SUPPORT_2_3;EX01_SHELF_SUPPORT_2_4
EX01,05 木滑门及锁具,12,EX01_LOWER_SLIDE_A,EX01_LOWER_SLIDE_A_GRIP;EX01_LOWER_SLIDE_B_GRIP;EX01_LOWER_SLIDE_A;EX01_LOWER_SLIDE_B;EX01_LOWER_LOCK_BODY;EX01_LOWER_LOCK_FRONT_COLLAR;EX01_LOWER_LOCK_BACK_COLLAR;EX01_LOWER_LOCK_KEYFACE;EX01_LOWER_LOCK_KEYSLOT;EX01_LOWER_LOCK_BOLT;EX01_LOWER_LOCK_RECEIVER;EX01_LOWER_LOCK_RECEIVER_COLLAR
EX01,13 图文支架与展签,15,EX01_GRAPHIC_BASE,EX01_GRAPHIC_BASE;EX01_GRAPHIC_POST_L;EX01_GRAPHIC_POST_R;EX01_GRAPHIC_ANCHOR_0;EX01_GRAPHIC_ANCHOR_1;EX01_GRAPHIC_ANCHOR_2;EX01_GRAPHIC_ANCHOR_3;EX01_GRAPHIC_PANEL_I01;EX01_GRAPHIC_RAIL_I01;EX01_GRAPHIC_FRAME_I01_L;EX01_GRAPHIC_FRAME_I01_R;EX01_GRAPHIC_FRAME_I01_B;EX01_GRAPHIC_FRAME_I01_T;EX01_GRAPHIC_NUMBERED_LABEL;EX01_GRAPHIC_LABEL_RAIL
EX01,02 底板与检修盖,29,EX01_BASE_PANEL_2,EX01_ACCESS_COVER_1;EX01_ACCESS_LEDGE_1_0;EX01_ACCESS_LEDGE_1_1;EX01_ACCESS_LEDGE_1_2;EX01_ACCESS_LEDGE_1_3;EX01_ACCESS_COVER_2;EX01_ACCESS_LEDGE_2_0;EX01_ACCESS_LEDGE_2_1;EX01_ACCESS_LEDGE_2_2;EX01_ACCESS_LEDGE_2_3;EX01_ACCESS_COVER_3;EX01_ACCESS_LEDGE_3_0;EX01_ACCESS_LEDGE_3_1;EX01_ACCESS_LEDGE_3_2;EX01_ACCESS_LEDGE_3_3;EX01_ACCESS_COVER_4;EX01_ACCESS_LEDGE_4_0;EX01_ACCESS_LEDGE_4_1;EX01_ACCESS_LEDGE_4_2;EX01_ACCESS_LEDGE_4_3;EX01_BASE_PANEL_0;EX01_BASE_PANEL_1;EX01_BASE_PANEL_2;EX01_BASE_PANEL_3;EX01_BASE_PANEL_4;EX01_BASE_PANEL_5;EX01_BASE_PANEL_6;EX01_BASE_PANEL_7;EX01_BASE_PANEL_8
EX01,01 底座框与固定板,8,EX01_PLINTH_E,EX01_PLINTH_W;EX01_PLINTH_E;EX01_PLINTH_S;EX01_PLINTH_N;EX01_ANCHOR_PLATE_1;EX01_ANCHOR_PLATE_2;EX01_ANCHOR_PLATE_3;EX01_ANCHOR_PLATE_4
EX07,12 顶玻璃,1,EX07_TOP,EX07_TOP
EX07,10 上罩轨道及限位,12,EX07_UPPER_TOP_TRACK_WEB_0,EX07_UPPER_BOTTOM_TRACK_CAP;EX07_UPPER_BOTTOM_TRACK_WEB_0;EX07_UPPER_BOTTOM_TRACK_WEB_1;EX07_UPPER_BOTTOM_TRACK_WEB_2;EX07_UPPER_TOP_TRACK_CAP;EX07_UPPER_TOP_TRACK_WEB_0;EX07_UPPER_TOP_TRACK_WEB_1;EX07_UPPER_TOP_TRACK_WEB_2;EX07_UPPER_STOP_A;EX07_UPPER_STOP_B;EX07_UPPER_ANTILIFT_A;EX07_UPPER_ANTILIFT_B
EX07,08 柜内灯体,10,EX07_CONTENT_LAMP2_POST,EX07_CONTENT_LAMP1_FOOT;EX07_CONTENT_LAMP1_POST;EX07_CONTENT_LAMP1_ARM;EX07_CONTENT_LAMP1_HEAD;EX07_CONTENT_LAMP1_DIFFUSER;EX07_CONTENT_LAMP2_FOOT;EX07_CONTENT_LAMP2_POST;EX07_CONTENT_LAMP2_ARM;EX07_CONTENT_LAMP2_HEAD;EX07_CONTENT_LAMP2_DIFFUSER
EX07,09 固定玻璃及垫条,11,EX07_RIGHT,EX07_LEFT;EX07_LEFT_BASE_PAD;EX07_LEFT_TOP_PAD;EX07_RIGHT;EX07_RIGHT_BASE_PAD;EX07_RIGHT_TOP_PAD;EX07_BACK;EX07_BACK_BASE_PAD;EX07_BACK_TOP_PAD;EX07_CORNER_SEAL_L;EX07_CORNER_SEAL_R
EX07,11 玻璃滑门及锁具,12,EX07_UPPER_SLIDE_B,EX07_UPPER_SLIDE_A_GRIP;EX07_UPPER_SLIDE_B_GRIP;EX07_UPPER_SLIDE_A;EX07_UPPER_SLIDE_B;EX07_UPPER_LOCK_BODY;EX07_UPPER_LOCK_FRONT_COLLAR;EX07_UPPER_LOCK_BACK_COLLAR;EX07_UPPER_LOCK_KEYFACE;EX07_UPPER_LOCK_KEYSLOT;EX07_UPPER_LOCK_BOLT;EX07_UPPER_LOCK_RECEIVER;EX07_UPPER_LOCK_RECEIVER_COLLAR
EX07,07 可移托盘与教学陈设,40,EX07_CONTENT_R_TRAY,EX07_CONTENT_L_TRAY;EX07_CONTENT_L_GRIP0;EX07_CONTENT_L_GRIP1;EX07_CONTENT_L_LABEL_FOOT0;EX07_CONTENT_L_LABEL_FOOT1;EX07_CONTENT_L_LABEL;EX07_CONTENT_R_TRAY;EX07_CONTENT_R_GRIP0;EX07_CONTENT_R_GRIP1;EX07_CONTENT_R_LABEL_FOOT0;EX07_CONTENT_R_LABEL_FOOT1;EX07_CONTENT_R_LABEL;EX07_CONTENT_L_PLINTH;EX07_CONTENT_L_BRANCH_SUPPORT0;EX07_CONTENT_L_BRANCH_SUPPORT1;EX07_CONTENT_L_BRANCH;EX07_CONTENT_L_PETIOLE0;EX07_CONTENT_L_LEAF0;EX07_CONTENT_L_VEIN0;EX07_CONTENT_L_PETIOLE1;EX07_CONTENT_L_LEAF1;EX07_CONTENT_L_VEIN1;EX07_CONTENT_L_PETIOLE2;EX07_CONTENT_L_LEAF2;EX07_CONTENT_L_VEIN2;EX07_CONTENT_R_PLINTH;EX07_CONTENT_R_FLOWER_STAND;EX07_CONTENT_R_FLOWER_TUBE;EX07_CONTENT_R_SEPAL0;EX07_CONTENT_R_SEPAL1;EX07_CONTENT_R_SEPAL2;EX07_CONTENT_R_SEPAL3;EX07_CONTENT_R_SEPAL4;EX07_CONTENT_R_FRUIT_STAND;EX07_CONTENT_R_FRUIT_FORK_L;EX07_CONTENT_R_FRUIT_FORK_R;EX07_CONTENT_R_VALVE_L;EX07_CONTENT_R_VALVE_R;EX07_CONTENT_R_SEED_LINK;EX07_CONTENT_R_SEED
EX07,06 展示承托板与衬面,2,EX07_DECK,EX07_DECK;EX07_LINER
EX07,04 下柜轨道及限位,12,EX07_LOWER_TOP_TRACK_WEB_0,EX07_LOWER_BOTTOM_TRACK_CAP;EX07_LOWER_BOTTOM_TRACK_WEB_0;EX07_LOWER_BOTTOM_TRACK_WEB_1;EX07_LOWER_BOTTOM_TRACK_WEB_2;EX07_LOWER_TOP_TRACK_CAP;EX07_LOWER_TOP_TRACK_WEB_0;EX07_LOWER_TOP_TRACK_WEB_1;EX07_LOWER_TOP_TRACK_WEB_2;EX07_LOWER_STOP_A;EX07_LOWER_STOP_B;EX07_LOWER_ANTILIFT_A;EX07_LOWER_ANTILIFT_B
EX07,03 储物板件及承托,15,EX07_SIDE_R,EX07_SIDE_L;EX07_SIDE_R;EX07_CARCASE_TOP;EX07_BACK_BOARD;EX07_DIVIDER;EX07_SHELF_1;EX07_SHELF_SUPPORT_1_1;EX07_SHELF_SUPPORT_1_2;EX07_SHELF_SUPPORT_1_3;EX07_SHELF_SUPPORT_1_4;EX07_SHELF_2;EX07_SHELF_SUPPORT_2_1;EX07_SHELF_SUPPORT_2_2;EX07_SHELF_SUPPORT_2_3;EX07_SHELF_SUPPORT_2_4
EX07,05 木滑门及锁具,12,EX07_LOWER_SLIDE_A,EX07_LOWER_SLIDE_A_GRIP;EX07_LOWER_SLIDE_B_GRIP;EX07_LOWER_SLIDE_A;EX07_LOWER_SLIDE_B;EX07_LOWER_LOCK_BODY;EX07_LOWER_LOCK_FRONT_COLLAR;EX07_LOWER_LOCK_BACK_COLLAR;EX07_LOWER_LOCK_KEYFACE;EX07_LOWER_LOCK_KEYSLOT;EX07_LOWER_LOCK_BOLT;EX07_LOWER_LOCK_RECEIVER;EX07_LOWER_LOCK_RECEIVER_COLLAR
EX07,02 底板与检修盖,29,EX07_BASE_PANEL_2,EX07_ACCESS_COVER_1;EX07_ACCESS_LEDGE_1_0;EX07_ACCESS_LEDGE_1_1;EX07_ACCESS_LEDGE_1_2;EX07_ACCESS_LEDGE_1_3;EX07_ACCESS_COVER_2;EX07_ACCESS_LEDGE_2_0;EX07_ACCESS_LEDGE_2_1;EX07_ACCESS_LEDGE_2_2;EX07_ACCESS_LEDGE_2_3;EX07_ACCESS_COVER_3;EX07_ACCESS_LEDGE_3_0;EX07_ACCESS_LEDGE_3_1;EX07_ACCESS_LEDGE_3_2;EX07_ACCESS_LEDGE_3_3;EX07_ACCESS_COVER_4;EX07_ACCESS_LEDGE_4_0;EX07_ACCESS_LEDGE_4_1;EX07_ACCESS_LEDGE_4_2;EX07_ACCESS_LEDGE_4_3;EX07_BASE_PANEL_0;EX07_BASE_PANEL_1;EX07_BASE_PANEL_2;EX07_BASE_PANEL_3;EX07_BASE_PANEL_4;EX07_BASE_PANEL_5;EX07_BASE_PANEL_6;EX07_BASE_PANEL_7;EX07_BASE_PANEL_8
EX07,01 底座框与固定板,8,EX07_PLINTH_E,EX07_PLINTH_W;EX07_PLINTH_E;EX07_PLINTH_S;EX07_PLINTH_N;EX07_ANCHOR_PLATE_1;EX07_ANCHOR_PLATE_2;EX07_ANCHOR_PLATE_3;EX07_ANCHOR_PLATE_4
EX07,13 图文支架与展签,15,EX07_GRAPHIC_BASE,EX07_GRAPHIC_BASE;EX07_GRAPHIC_POST_L;EX07_GRAPHIC_POST_R;EX07_GRAPHIC_ANCHOR_0;EX07_GRAPHIC_ANCHOR_1;EX07_GRAPHIC_ANCHOR_2;EX07_GRAPHIC_ANCHOR_3;EX07_GRAPHIC_PANEL_I05;EX07_GRAPHIC_RAIL_I05;EX07_GRAPHIC_FRAME_I05_L;EX07_GRAPHIC_FRAME_I05_R;EX07_GRAPHIC_FRAME_I05_B;EX07_GRAPHIC_FRAME_I05_T;EX07_GRAPHIC_NUMBERED_LABEL;EX07_GRAPHIC_LABEL_RAIL
EX08,12 顶玻璃,1,EX08_TOP,EX08_TOP
EX08,10 上罩轨道及限位,12,EX08_UPPER_TOP_TRACK_WEB_0,EX08_UPPER_BOTTOM_TRACK_CAP;EX08_UPPER_BOTTOM_TRACK_WEB_0;EX08_UPPER_BOTTOM_TRACK_WEB_1;EX08_UPPER_BOTTOM_TRACK_WEB_2;EX08_UPPER_TOP_TRACK_CAP;EX08_UPPER_TOP_TRACK_WEB_0;EX08_UPPER_TOP_TRACK_WEB_1;EX08_UPPER_TOP_TRACK_WEB_2;EX08_UPPER_STOP_A;EX08_UPPER_STOP_B;EX08_UPPER_ANTILIFT_A;EX08_UPPER_ANTILIFT_B
EX08,08 柜内灯体,10,EX08_CONTENT_LAMP2_POST,EX08_CONTENT_LAMP1_FOOT;EX08_CONTENT_LAMP1_POST;EX08_CONTENT_LAMP1_ARM;EX08_CONTENT_LAMP1_HEAD;EX08_CONTENT_LAMP1_DIFFUSER;EX08_CONTENT_LAMP2_FOOT;EX08_CONTENT_LAMP2_POST;EX08_CONTENT_LAMP2_ARM;EX08_CONTENT_LAMP2_HEAD;EX08_CONTENT_LAMP2_DIFFUSER
EX08,09 固定玻璃及垫条,11,EX08_RIGHT,EX08_LEFT;EX08_LEFT_BASE_PAD;EX08_LEFT_TOP_PAD;EX08_RIGHT;EX08_RIGHT_BASE_PAD;EX08_RIGHT_TOP_PAD;EX08_BACK;EX08_BACK_BASE_PAD;EX08_BACK_TOP_PAD;EX08_CORNER_SEAL_L;EX08_CORNER_SEAL_R
EX08,11 玻璃滑门及锁具,12,EX08_UPPER_SLIDE_B,EX08_UPPER_SLIDE_A_GRIP;EX08_UPPER_SLIDE_B_GRIP;EX08_UPPER_SLIDE_A;EX08_UPPER_SLIDE_B;EX08_UPPER_LOCK_BODY;EX08_UPPER_LOCK_FRONT_COLLAR;EX08_UPPER_LOCK_BACK_COLLAR;EX08_UPPER_LOCK_KEYFACE;EX08_UPPER_LOCK_KEYSLOT;EX08_UPPER_LOCK_BOLT;EX08_UPPER_LOCK_RECEIVER;EX08_UPPER_LOCK_RECEIVER_COLLAR
EX08,07 可移托盘与教学陈设,22,EX08_CONTENT_R_TRAY,EX08_CONTENT_L_TRAY;EX08_CONTENT_L_GRIP0;EX08_CONTENT_L_GRIP1;EX08_CONTENT_L_LABEL_FOOT0;EX08_CONTENT_L_LABEL_FOOT1;EX08_CONTENT_L_LABEL;EX08_CONTENT_R_TRAY;EX08_CONTENT_R_GRIP0;EX08_CONTENT_R_GRIP1;EX08_CONTENT_R_LABEL_FOOT0;EX08_CONTENT_R_LABEL_FOOT1;EX08_CONTENT_R_LABEL;EX08_CONTENT_L_PLINTH;EX08_CONTENT_L_PAD0;EX08_CONTENT_L_PAD1;EX08_CONTENT_L_WOOD;EX08_CONTENT_R_PLINTH;EX08_CONTENT_R_PAD0;EX08_CONTENT_R_PAD1;EX08_CONTENT_R_WOOD;EX08_CONTENT_R_LOCAL_RESIN;EX08_CONTENT_R_LOCAL_RESIN2
EX08,06 展示承托板与衬面,2,EX08_DECK,EX08_DECK;EX08_LINER
EX08,04 下柜轨道及限位,12,EX08_LOWER_TOP_TRACK_WEB_0,EX08_LOWER_BOTTOM_TRACK_CAP;EX08_LOWER_BOTTOM_TRACK_WEB_0;EX08_LOWER_BOTTOM_TRACK_WEB_1;EX08_LOWER_BOTTOM_TRACK_WEB_2;EX08_LOWER_TOP_TRACK_CAP;EX08_LOWER_TOP_TRACK_WEB_0;EX08_LOWER_TOP_TRACK_WEB_1;EX08_LOWER_TOP_TRACK_WEB_2;EX08_LOWER_STOP_A;EX08_LOWER_STOP_B;EX08_LOWER_ANTILIFT_A;EX08_LOWER_ANTILIFT_B
EX08,03 储物板件及承托,15,EX08_SIDE_R,EX08_SIDE_L;EX08_SIDE_R;EX08_CARCASE_TOP;EX08_BACK_BOARD;EX08_DIVIDER;EX08_SHELF_1;EX08_SHELF_SUPPORT_1_1;EX08_SHELF_SUPPORT_1_2;EX08_SHELF_SUPPORT_1_3;EX08_SHELF_SUPPORT_1_4;EX08_SHELF_2;EX08_SHELF_SUPPORT_2_1;EX08_SHELF_SUPPORT_2_2;EX08_SHELF_SUPPORT_2_3;EX08_SHELF_SUPPORT_2_4
EX08,05 木滑门及锁具,12,EX08_LOWER_SLIDE_A,EX08_LOWER_SLIDE_A_GRIP;EX08_LOWER_SLIDE_B_GRIP;EX08_LOWER_SLIDE_A;EX08_LOWER_SLIDE_B;EX08_LOWER_LOCK_BODY;EX08_LOWER_LOCK_FRONT_COLLAR;EX08_LOWER_LOCK_BACK_COLLAR;EX08_LOWER_LOCK_KEYFACE;EX08_LOWER_LOCK_KEYSLOT;EX08_LOWER_LOCK_BOLT;EX08_LOWER_LOCK_RECEIVER;EX08_LOWER_LOCK_RECEIVER_COLLAR
EX08,02 底板与检修盖,29,EX08_BASE_PANEL_2,EX08_ACCESS_COVER_1;EX08_ACCESS_LEDGE_1_0;EX08_ACCESS_LEDGE_1_1;EX08_ACCESS_LEDGE_1_2;EX08_ACCESS_LEDGE_1_3;EX08_ACCESS_COVER_2;EX08_ACCESS_LEDGE_2_0;EX08_ACCESS_LEDGE_2_1;EX08_ACCESS_LEDGE_2_2;EX08_ACCESS_LEDGE_2_3;EX08_ACCESS_COVER_3;EX08_ACCESS_LEDGE_3_0;EX08_ACCESS_LEDGE_3_1;EX08_ACCESS_LEDGE_3_2;EX08_ACCESS_LEDGE_3_3;EX08_ACCESS_COVER_4;EX08_ACCESS_LEDGE_4_0;EX08_ACCESS_LEDGE_4_1;EX08_ACCESS_LEDGE_4_2;EX08_ACCESS_LEDGE_4_3;EX08_BASE_PANEL_0;EX08_BASE_PANEL_1;EX08_BASE_PANEL_2;EX08_BASE_PANEL_3;EX08_BASE_PANEL_4;EX08_BASE_PANEL_5;EX08_BASE_PANEL_6;EX08_BASE_PANEL_7;EX08_BASE_PANEL_8
EX08,01 底座框与固定板,8,EX08_PLINTH_E,EX08_PLINTH_W;EX08_PLINTH_E;EX08_PLINTH_S;EX08_PLINTH_N;EX08_ANCHOR_PLATE_1;EX08_ANCHOR_PLATE_2;EX08_ANCHOR_PLATE_3;EX08_ANCHOR_PLATE_4
EX08,13 图文支架与展签,21,EX08_GRAPHIC_BASE,EX08_GRAPHIC_BASE;EX08_GRAPHIC_POST_L;EX08_GRAPHIC_POST_R;EX08_GRAPHIC_ANCHOR_0;EX08_GRAPHIC_ANCHOR_1;EX08_GRAPHIC_ANCHOR_2;EX08_GRAPHIC_ANCHOR_3;EX08_GRAPHIC_PANEL_I06;EX08_GRAPHIC_RAIL_I06;EX08_GRAPHIC_FRAME_I06_L;EX08_GRAPHIC_FRAME_I06_R;EX08_GRAPHIC_FRAME_I06_B;EX08_GRAPHIC_FRAME_I06_T;EX08_GRAPHIC_PANEL_I07;EX08_GRAPHIC_RAIL_I07;EX08_GRAPHIC_FRAME_I07_L;EX08_GRAPHIC_FRAME_I07_R;EX08_GRAPHIC_FRAME_I07_B;EX08_GRAPHIC_FRAME_I07_T;EX08_GRAPHIC_NUMBERED_LABEL;EX08_GRAPHIC_LABEL_RAIL
EX10,12 顶玻璃,1,EX10_TOP,EX10_TOP
EX10,10 上罩轨道及限位,12,EX10_UPPER_TOP_TRACK_WEB_0,EX10_UPPER_BOTTOM_TRACK_CAP;EX10_UPPER_BOTTOM_TRACK_WEB_0;EX10_UPPER_BOTTOM_TRACK_WEB_1;EX10_UPPER_BOTTOM_TRACK_WEB_2;EX10_UPPER_TOP_TRACK_CAP;EX10_UPPER_TOP_TRACK_WEB_0;EX10_UPPER_TOP_TRACK_WEB_1;EX10_UPPER_TOP_TRACK_WEB_2;EX10_UPPER_STOP_A;EX10_UPPER_STOP_B;EX10_UPPER_ANTILIFT_A;EX10_UPPER_ANTILIFT_B
EX10,08 柜内灯体,10,EX10_CONTENT_LAMP2_POST,EX10_CONTENT_LAMP1_FOOT;EX10_CONTENT_LAMP1_POST;EX10_CONTENT_LAMP1_ARM;EX10_CONTENT_LAMP1_HEAD;EX10_CONTENT_LAMP1_DIFFUSER;EX10_CONTENT_LAMP2_FOOT;EX10_CONTENT_LAMP2_POST;EX10_CONTENT_LAMP2_ARM;EX10_CONTENT_LAMP2_HEAD;EX10_CONTENT_LAMP2_DIFFUSER
EX10,09 固定玻璃及垫条,11,EX10_RIGHT,EX10_LEFT;EX10_LEFT_BASE_PAD;EX10_LEFT_TOP_PAD;EX10_RIGHT;EX10_RIGHT_BASE_PAD;EX10_RIGHT_TOP_PAD;EX10_BACK;EX10_BACK_BASE_PAD;EX10_BACK_TOP_PAD;EX10_CORNER_SEAL_L;EX10_CORNER_SEAL_R
EX10,11 玻璃滑门及锁具,12,EX10_UPPER_SLIDE_B,EX10_UPPER_SLIDE_A_GRIP;EX10_UPPER_SLIDE_B_GRIP;EX10_UPPER_SLIDE_A;EX10_UPPER_SLIDE_B;EX10_UPPER_LOCK_BODY;EX10_UPPER_LOCK_FRONT_COLLAR;EX10_UPPER_LOCK_BACK_COLLAR;EX10_UPPER_LOCK_KEYFACE;EX10_UPPER_LOCK_KEYSLOT;EX10_UPPER_LOCK_BOLT;EX10_UPPER_LOCK_RECEIVER;EX10_UPPER_LOCK_RECEIVER_COLLAR
EX10,07 可移托盘与教学陈设,21,EX10_CONTENT_R_TRAY,EX10_CONTENT_L_TRAY;EX10_CONTENT_L_GRIP0;EX10_CONTENT_L_GRIP1;EX10_CONTENT_L_LABEL_FOOT0;EX10_CONTENT_L_LABEL_FOOT1;EX10_CONTENT_L_LABEL;EX10_CONTENT_R_TRAY;EX10_CONTENT_R_GRIP0;EX10_CONTENT_R_GRIP1;EX10_CONTENT_R_LABEL_FOOT0;EX10_CONTENT_R_LABEL_FOOT1;EX10_CONTENT_R_LABEL;EX10_CONTENT_L_PLINTH;EX10_CONTENT_L_PAD0;EX10_CONTENT_L_PAD1;EX10_CONTENT_L_LONG_PIECE;EX10_CONTENT_R_PLINTH;EX10_CONTENT_R_CHIP_PAD;EX10_CONTENT_R_FLAT_CHIP;EX10_CONTENT_R_CHUNK_PAD;EX10_CONTENT_R_THICK_PIECE
EX10,06 展示承托板与衬面,2,EX10_DECK,EX10_DECK;EX10_LINER
EX10,04 下柜轨道及限位,12,EX10_LOWER_TOP_TRACK_WEB_0,EX10_LOWER_BOTTOM_TRACK_CAP;EX10_LOWER_BOTTOM_TRACK_WEB_0;EX10_LOWER_BOTTOM_TRACK_WEB_1;EX10_LOWER_BOTTOM_TRACK_WEB_2;EX10_LOWER_TOP_TRACK_CAP;EX10_LOWER_TOP_TRACK_WEB_0;EX10_LOWER_TOP_TRACK_WEB_1;EX10_LOWER_TOP_TRACK_WEB_2;EX10_LOWER_STOP_A;EX10_LOWER_STOP_B;EX10_LOWER_ANTILIFT_A;EX10_LOWER_ANTILIFT_B
EX10,03 储物板件及承托,15,EX10_SIDE_R,EX10_SIDE_L;EX10_SIDE_R;EX10_CARCASE_TOP;EX10_BACK_BOARD;EX10_DIVIDER;EX10_SHELF_1;EX10_SHELF_SUPPORT_1_1;EX10_SHELF_SUPPORT_1_2;EX10_SHELF_SUPPORT_1_3;EX10_SHELF_SUPPORT_1_4;EX10_SHELF_2;EX10_SHELF_SUPPORT_2_1;EX10_SHELF_SUPPORT_2_2;EX10_SHELF_SUPPORT_2_3;EX10_SHELF_SUPPORT_2_4
EX10,05 木滑门及锁具,12,EX10_LOWER_SLIDE_A,EX10_LOWER_SLIDE_A_GRIP;EX10_LOWER_SLIDE_B_GRIP;EX10_LOWER_SLIDE_A;EX10_LOWER_SLIDE_B;EX10_LOWER_LOCK_BODY;EX10_LOWER_LOCK_FRONT_COLLAR;EX10_LOWER_LOCK_BACK_COLLAR;EX10_LOWER_LOCK_KEYFACE;EX10_LOWER_LOCK_KEYSLOT;EX10_LOWER_LOCK_BOLT;EX10_LOWER_LOCK_RECEIVER;EX10_LOWER_LOCK_RECEIVER_COLLAR
EX10,02 底板与检修盖,29,EX10_BASE_PANEL_2,EX10_ACCESS_COVER_1;EX10_ACCESS_LEDGE_1_0;EX10_ACCESS_LEDGE_1_1;EX10_ACCESS_LEDGE_1_2;EX10_ACCESS_LEDGE_1_3;EX10_ACCESS_COVER_2;EX10_ACCESS_LEDGE_2_0;EX10_ACCESS_LEDGE_2_1;EX10_ACCESS_LEDGE_2_2;EX10_ACCESS_LEDGE_2_3;EX10_ACCESS_COVER_3;EX10_ACCESS_LEDGE_3_0;EX10_ACCESS_LEDGE_3_1;EX10_ACCESS_LEDGE_3_2;EX10_ACCESS_LEDGE_3_3;EX10_ACCESS_COVER_4;EX10_ACCESS_LEDGE_4_0;EX10_ACCESS_LEDGE_4_1;EX10_ACCESS_LEDGE_4_2;EX10_ACCESS_LEDGE_4_3;EX10_BASE_PANEL_0;EX10_BASE_PANEL_1;EX10_BASE_PANEL_2;EX10_BASE_PANEL_3;EX10_BASE_PANEL_4;EX10_BASE_PANEL_5;EX10_BASE_PANEL_6;EX10_BASE_PANEL_7;EX10_BASE_PANEL_8
EX10,01 底座框与固定板,8,EX10_PLINTH_E,EX10_PLINTH_W;EX10_PLINTH_E;EX10_PLINTH_S;EX10_PLINTH_N;EX10_ANCHOR_PLATE_1;EX10_ANCHOR_PLATE_2;EX10_ANCHOR_PLATE_3;EX10_ANCHOR_PLATE_4
EX10,13 图文支架与展签,15,EX10_GRAPHIC_BASE,EX10_GRAPHIC_BASE;EX10_GRAPHIC_POST_L;EX10_GRAPHIC_POST_R;EX10_GRAPHIC_ANCHOR_0;EX10_GRAPHIC_ANCHOR_1;EX10_GRAPHIC_ANCHOR_2;EX10_GRAPHIC_ANCHOR_3;EX10_GRAPHIC_PANEL_I08;EX10_GRAPHIC_RAIL_I08;EX10_GRAPHIC_FRAME_I08_L;EX10_GRAPHIC_FRAME_I08_R;EX10_GRAPHIC_FRAME_I08_B;EX10_GRAPHIC_FRAME_I08_T;EX10_GRAPHIC_NUMBERED_LABEL;EX10_GRAPHIC_LABEL_RAIL
EX12,12 顶玻璃,1,EX12_TOP,EX12_TOP
EX12,10 上罩轨道及限位,12,EX12_UPPER_TOP_TRACK_WEB_0,EX12_UPPER_BOTTOM_TRACK_CAP;EX12_UPPER_BOTTOM_TRACK_WEB_0;EX12_UPPER_BOTTOM_TRACK_WEB_1;EX12_UPPER_BOTTOM_TRACK_WEB_2;EX12_UPPER_TOP_TRACK_CAP;EX12_UPPER_TOP_TRACK_WEB_0;EX12_UPPER_TOP_TRACK_WEB_1;EX12_UPPER_TOP_TRACK_WEB_2;EX12_UPPER_STOP_A;EX12_UPPER_STOP_B;EX12_UPPER_ANTILIFT_A;EX12_UPPER_ANTILIFT_B
EX12,08 柜内灯体,10,EX12_CONTENT_LAMP2_POST,EX12_CONTENT_LAMP1_FOOT;EX12_CONTENT_LAMP1_POST;EX12_CONTENT_LAMP1_ARM;EX12_CONTENT_LAMP1_HEAD;EX12_CONTENT_LAMP1_DIFFUSER;EX12_CONTENT_LAMP2_FOOT;EX12_CONTENT_LAMP2_POST;EX12_CONTENT_LAMP2_ARM;EX12_CONTENT_LAMP2_HEAD;EX12_CONTENT_LAMP2_DIFFUSER
EX12,09 固定玻璃及垫条,11,EX12_RIGHT,EX12_LEFT;EX12_LEFT_BASE_PAD;EX12_LEFT_TOP_PAD;EX12_RIGHT;EX12_RIGHT_BASE_PAD;EX12_RIGHT_TOP_PAD;EX12_BACK;EX12_BACK_BASE_PAD;EX12_BACK_TOP_PAD;EX12_CORNER_SEAL_L;EX12_CORNER_SEAL_R
EX12,11 玻璃滑门及锁具,12,EX12_UPPER_SLIDE_B,EX12_UPPER_SLIDE_A_GRIP;EX12_UPPER_SLIDE_B_GRIP;EX12_UPPER_SLIDE_A;EX12_UPPER_SLIDE_B;EX12_UPPER_LOCK_BODY;EX12_UPPER_LOCK_FRONT_COLLAR;EX12_UPPER_LOCK_BACK_COLLAR;EX12_UPPER_LOCK_KEYFACE;EX12_UPPER_LOCK_KEYSLOT;EX12_UPPER_LOCK_BOLT;EX12_UPPER_LOCK_RECEIVER;EX12_UPPER_LOCK_RECEIVER_COLLAR
EX12,07 可移托盘与教学陈设,36,EX12_CONTENT_R_TRAY,EX12_CONTENT_L_TRAY;EX12_CONTENT_L_GRIP0;EX12_CONTENT_L_GRIP1;EX12_CONTENT_L_LABEL_FOOT0;EX12_CONTENT_L_LABEL_FOOT1;EX12_CONTENT_L_LABEL;EX12_CONTENT_R_TRAY;EX12_CONTENT_R_GRIP0;EX12_CONTENT_R_GRIP1;EX12_CONTENT_R_LABEL_FOOT0;EX12_CONTENT_R_LABEL_FOOT1;EX12_CONTENT_R_LABEL;EX12_CONTENT_L_PLINTH;EX12_CONTENT_L_TOOL0_PAD;EX12_CONTENT_L_TOOL0_BLADE_SEAT;EX12_CONTENT_L_TOOL0_HANDLE;EX12_CONTENT_L_TOOL0_FERRULE;EX12_CONTENT_L_TOOL0_BLADE;EX12_CONTENT_L_TOOL1_PAD;EX12_CONTENT_L_TOOL1_BLADE_SEAT;EX12_CONTENT_L_TOOL1_HANDLE;EX12_CONTENT_L_TOOL1_FERRULE;EX12_CONTENT_L_TOOL1_STEM;EX12_CONTENT_L_TOOL1_BEND;EX12_CONTENT_L_TOOL1_TIP;EX12_CONTENT_L_TOOL2_PAD;EX12_CONTENT_L_TOOL2_BLADE_SEAT;EX12_CONTENT_L_TOOL2_HANDLE;EX12_CONTENT_L_TOOL2_FERRULE;EX12_CONTENT_L_TOOL2_BLADE;EX12_CONTENT_R_PLINTH;EX12_CONTENT_R_BEFORE_PAD;EX12_CONTENT_R_BEFORE;EX12_CONTENT_R_BEFORE_RETAINED;EX12_CONTENT_R_AFTER_PAD;EX12_CONTENT_R_AFTER
EX12,06 展示承托板与衬面,2,EX12_DECK,EX12_DECK;EX12_LINER
EX12,04 下柜轨道及限位,12,EX12_LOWER_TOP_TRACK_WEB_0,EX12_LOWER_BOTTOM_TRACK_CAP;EX12_LOWER_BOTTOM_TRACK_WEB_0;EX12_LOWER_BOTTOM_TRACK_WEB_1;EX12_LOWER_BOTTOM_TRACK_WEB_2;EX12_LOWER_TOP_TRACK_CAP;EX12_LOWER_TOP_TRACK_WEB_0;EX12_LOWER_TOP_TRACK_WEB_1;EX12_LOWER_TOP_TRACK_WEB_2;EX12_LOWER_STOP_A;EX12_LOWER_STOP_B;EX12_LOWER_ANTILIFT_A;EX12_LOWER_ANTILIFT_B
EX12,03 储物板件及承托,15,EX12_SIDE_R,EX12_SIDE_L;EX12_SIDE_R;EX12_CARCASE_TOP;EX12_BACK_BOARD;EX12_DIVIDER;EX12_SHELF_1;EX12_SHELF_SUPPORT_1_1;EX12_SHELF_SUPPORT_1_2;EX12_SHELF_SUPPORT_1_3;EX12_SHELF_SUPPORT_1_4;EX12_SHELF_2;EX12_SHELF_SUPPORT_2_1;EX12_SHELF_SUPPORT_2_2;EX12_SHELF_SUPPORT_2_3;EX12_SHELF_SUPPORT_2_4
EX12,05 木滑门及锁具,12,EX12_LOWER_SLIDE_A,EX12_LOWER_SLIDE_A_GRIP;EX12_LOWER_SLIDE_B_GRIP;EX12_LOWER_SLIDE_A;EX12_LOWER_SLIDE_B;EX12_LOWER_LOCK_BODY;EX12_LOWER_LOCK_FRONT_COLLAR;EX12_LOWER_LOCK_BACK_COLLAR;EX12_LOWER_LOCK_KEYFACE;EX12_LOWER_LOCK_KEYSLOT;EX12_LOWER_LOCK_BOLT;EX12_LOWER_LOCK_RECEIVER;EX12_LOWER_LOCK_RECEIVER_COLLAR
EX12,13 图文支架与展签,15,EX12_GRAPHIC_BASE,EX12_GRAPHIC_BASE;EX12_GRAPHIC_POST_L;EX12_GRAPHIC_POST_R;EX12_GRAPHIC_ANCHOR_0;EX12_GRAPHIC_ANCHOR_1;EX12_GRAPHIC_ANCHOR_2;EX12_GRAPHIC_ANCHOR_3;EX12_GRAPHIC_PANEL_I09;EX12_GRAPHIC_RAIL_I09;EX12_GRAPHIC_FRAME_I09_L;EX12_GRAPHIC_FRAME_I09_R;EX12_GRAPHIC_FRAME_I09_B;EX12_GRAPHIC_FRAME_I09_T;EX12_GRAPHIC_NUMBERED_LABEL;EX12_GRAPHIC_LABEL_RAIL
EX12,02 底板与检修盖,29,EX12_BASE_PANEL_2,EX12_ACCESS_COVER_1;EX12_ACCESS_LEDGE_1_0;EX12_ACCESS_LEDGE_1_1;EX12_ACCESS_LEDGE_1_2;EX12_ACCESS_LEDGE_1_3;EX12_ACCESS_COVER_2;EX12_ACCESS_LEDGE_2_0;EX12_ACCESS_LEDGE_2_1;EX12_ACCESS_LEDGE_2_2;EX12_ACCESS_LEDGE_2_3;EX12_ACCESS_COVER_3;EX12_ACCESS_LEDGE_3_0;EX12_ACCESS_LEDGE_3_1;EX12_ACCESS_LEDGE_3_2;EX12_ACCESS_LEDGE_3_3;EX12_ACCESS_COVER_4;EX12_ACCESS_LEDGE_4_0;EX12_ACCESS_LEDGE_4_1;EX12_ACCESS_LEDGE_4_2;EX12_ACCESS_LEDGE_4_3;EX12_BASE_PANEL_0;EX12_BASE_PANEL_1;EX12_BASE_PANEL_2;EX12_BASE_PANEL_3;EX12_BASE_PANEL_4;EX12_BASE_PANEL_5;EX12_BASE_PANEL_6;EX12_BASE_PANEL_7;EX12_BASE_PANEL_8
EX12,01 底座框与固定板,8,EX12_PLINTH_E,EX12_PLINTH_W;EX12_PLINTH_E;EX12_PLINTH_S;EX12_PLINTH_N;EX12_ANCHOR_PLATE_1;EX12_ANCHOR_PLATE_2;EX12_ANCHOR_PLATE_3;EX12_ANCHOR_PLATE_4
